Regulator	motif_id	motif_alt_id	sequence_name	start	stop	strand	score	p-value	q-value	matched_sequence
TtrR	TTRYTGYTKKMSATATHVMC	MEME-1	A628_RS06325|ttrS|NZ_KI635630.1	58710	58729	+	23.1707	4.91e-10	0.000813	TTACTGCTGTCCATATTGAC
TtrR	TTRYTGYTKKMSATATHVMC	MEME-1	A628_RS06330|ttrB|NZ_KI635630.1	60860	60879	-	23.1707	4.91e-10	0.000813	TTACTGCTGTCCATATTGAC
TtrR	TTRYTGYTKKMSATATHVMC	MEME-1	ABUJ63_RS01990|ttrS|NZ_JBEQJH010000001.1	402831	402850	+	23.1707	4.91e-10	0.000813	TTACTGCTGTCCATATTGAC
TtrR	TTRYTGYTKKMSATATHVMC	MEME-1	ABUJ63_RS01995|ttrB|NZ_JBEQJH010000001.1	404981	405000	-	23.1707	4.91e-10	0.000813	TTACTGCTGTCCATATTGAC
TtrR	TTRYTGYTKKMSATATHVMC	MEME-1	STBHUCCB_RS06415|ttrB|NC_016832.1	1324167	1324186	-	23.1707	4.91e-10	0.000813	TTACTGCTGTCCATATTGAC
TtrR	TTRYTGYTKKMSATATHVMC	MEME-1	STBHUCCB_RS06420|ttrS|NC_016832.1	1324895	1324914	+	23.1707	4.91e-10	0.000813	TTACTGCTGTCCATATTGAC
TtrR	TTRYTGYTKKMSATATHVMC	MEME-1	STM1385|ttrB|NC_003197.2	1470735	1470754	-	23.1707	4.91e-10	0.000813	TTACTGCTGTCCATATTGAC
TtrR	TTRYTGYTKKMSATATHVMC	MEME-1	STM1386|ttrS|NC_003197.2	1471445	1471464	+	23.1707	4.91e-10	0.000813	TTACTGCTGTCCATATTGAC
TtrR	TTRYTGYTKKMSATATHVMC	MEME-1	HFU19_RS12505|ttrS|NZ_CP051310.1	2577140	2577159	+	23.1707	4.91e-10	0.000813	TTACTGCTGTCCATATTGAC
TtrR	TTRYTGYTKKMSATATHVMC	MEME-1	HFU19_RS12510|ttrB|NZ_CP051310.1	2579290	2579309	-	23.1707	4.91e-10	0.000813	TTACTGCTGTCCATATTGAC
TtrR	TTRYTGYTKKMSATATHVMC	MEME-1	LW89_RS19040|ttrS|NZ_CP009559.1	3941580	3941599	+	23.1707	4.91e-10	0.000813	TTACTGCTGTCCATATTGAC
TtrR	TTRYTGYTKKMSATATHVMC	MEME-1	A628_RS17470|ldcC|NZ_KI635682.1	51557	51576	-	20.8537	2.32e-08	0.0325	TTATTGTTGACGATGTCGCC
TtrR	TTRYTGYTKKMSATATHVMC	MEME-1	ABUJ63_RS11240|ldcC|NZ_JBEQJH010000005.1	377951	377970	-	20.8537	2.32e-08	0.0325	TTATTGTTGACGATGTCGCC
TtrR	TTRYTGYTKKMSATATHVMC	MEME-1	STBHUCCB_RS01185|ldcC|NC_016832.1	273703	273722	-	20.5976	3.22e-08	0.0346	TTACTGTTGACGATGTCGCC
TtrR	TTRYTGYTKKMSATATHVMC	MEME-1	STM0234|ldcC|NC_003197.2	276113	276132	-	20.5976	3.22e-08	0.0346	TTACTGTTGACGATGTCGCC
TtrR	TTRYTGYTKKMSATATHVMC	MEME-1	LW89_RS02735|ldcC|NZ_CP009559.1	593008	593027	-	20.5976	3.22e-08	0.0346	TTACTGTTGACGATGTCGCC
TtrR	TTRYTGYTKKMSATATHVMC	MEME-1	HFU19_RS18500|ldcC|NZ_CP051310.1	3766279	3766298	-	20.5976	3.22e-08	0.0346	TTACTGTTGACGATGTCGCC
TtrR	
TtrR	# FIMO (Find Individual Motif Occurrences): Version 5.5.4 compiled on Aug 31 2025 at 02:04:59
TtrR	# The format of this file is described at http://meme-suite.org//doc/fimo-output-format.html#tsv_results.
TtrR	# fimo --o fimo_results_new/ttrR meme_outputs/ttrR/meme.txt all_promoters.fasta
